date,price 1146,price 2526,price 3021,price 3443,price 111,price 3544,price 3339,price 3817,price 187,price 1081,price 1053,price 99,price 2044,price 931,price 2563,price 2701,price 314,price 2778,price 3451,price 2142,price 2810,price 2930,price 2556,price 3985,price 2244,price 476,price 3646,price 1300,price 996,price 3841,price 42,price 1290,price 660,price 458,price 455,price 2137,price 3710,price 655,price 2333,price 1030,price 1850,price 3428,price 138,price 367,price 1214,price 1900,price 73,price 2891,price 3525,price 3965
8/31/15,-0.011688944,0.009702648,0.004460608,0.016444365,0.013259913,-0.018216696,-0.033733205,-0.003320297,-0.012851175,-0.000751977,0.010518364,0.01582415,0.004133855,0.007372411,0.024487746,0.004960193,-0.022058098,0.012453671,0.004253329,-0.011611107,-0.000745895,-0.022294704,0.009758816,0.012141854,0.003043557,-0.004403663,-0.008555489,-0.002153106,-0.000903497,0.015894719,0.020903256,-0.009440766,0.005823795,0.001790506,0.021788697,0.021021992,-0.019745748,-0.015212754,0.025267932,-0.015378806,0.001556478,0.001073523,-0.008807938,0.017974315,-0.01416915,-0.015735925,0.018403922,-0.013267118,-0.00453182,-0.000785408
9/1/15,0.011024972,0.016398343,0.00051677,0.000501746,0.020954241,-0.014083824,-0.024387546,-0.023224656,-0.017115646,-0.006442158,-0.003821511,-0.002322179,-0.006828547,-0.024123214,-0.002063094,-0.003437931,0.015916449,-0.012218667,-0.000986771,-0.012494862,0.000887309,0.00276726,0.016090117,-0.001244354,-0.005008395,0.015472411,-0.001625729,-0.013135346,0.004251329,-0.003464015,0.005998862,0.005764543,-0.026038025,-0.008875357,-0.006585394,-0.003389875,-0.002214635,0.000267462,-0.002977001,0.014652759,0.004880992,0.006730496,-0.027763572,0.024079735,0.012706959,-0.005855297,0.004032072,0.018849091,-0.000806273,-0.006164412
9/2/15,-0.00015755,-0.022474026,0.017608069,-0.002186217,-0.021351729,0.012305322,-0.004374695,-0.019118117,-0.015354498,-0.006145771,0.009764064,-0.001105104,-0.002724273,-0.000991356,-0.016477174,-0.019004817,-0.016280037,-0.001702448,0.000365456,-0.003193327,0.011772035,0.033347078,0.005929033,0.024672692,-0.013994709,-0.017572726,-0.005684465,0.019607467,0.010780227,0.00010942,0.015590516,6.01E-05,0.047498916,0.008115453,-0.027347173,0.006212902,0.001590093,0.013524612,-0.00029622,-0.02758655,0.013094218,-0.023158246,-0.002020093,-0.025292387,-0.00770722,0.010601213,-0.009516939,0.0202144,0.00442768,-0.003147847
9/3/15,0.005109033,-0.023672763,0.000762162,0.0123712,0.004164987,0.004662715,0.015586176,0.000804453,-0.000566798,0.008157963,-0.00796029,-0.004173742,0.033913608,-0.010824079,-0.024125053,-0.024422771,0.007094672,0.004819877,-0.010645672,0.00353359,-0.014655006,-0.007736694,0.024501457,-0.011524062,-0.003046263,0.00257759,0.010370841,0.007441733,-0.002950203,-0.003197488,-0.000277712,0.021093731,0.012640659,0.003121655,-0.003608583,-0.005931403,-0.038589134,0.007824557,-0.005559372,-0.022936528,-0.012678228,0.001343249,0.009464904,-0.002495963,-0.002872843,-0.002796112,0.009745238,-0.012371292,0.008008141,0.008982861
9/4/15,-0.019894709,-0.007119204,-0.019545683,0.004826157,-0.00683675,-0.000209172,0.005828269,-0.006102604,0.003344117,-0.022200282,0.011110995,0.014565903,0.005534675,0.000475654,-0.003362803,-0.019938642,-0.026331877,-0.000239916,-0.006938633,0.001441365,-0.018436678,-0.029856517,-0.004393217,-0.02574492,0.020071361,0.006730179,0.020063389,-0.015278631,0.011884525,0.006618998,-0.004660545,0.021628712,0.001774614,0.001056866,0.009968779,0.015785278,0.001664918,-0.025630473,-0.009936153,0.014401879,0.000878068,0.013680412,0.016803587,-0.006896287,0.009639759,0.011228789,0.014153774,-0.018352034,0.006167355,-0.020322229
9/5/15,-0.038297042,0.006931921,0.006893284,0.009868321,0.014676349,-0.018927028,0.00579652,-0.003906206,0.005965345,0.012755042,-0.010980006,0.000417764,-0.004104324,-0.003427411,0.002516554,0.002947121,0.033443493,0.025185468,-0.009324897,-0.014364637,0.016393592,-0.001873799,-0.017029605,-0.008781,-0.001641244,0.019439107,0.00946025,-0.005901771,-0.014762383,0.006822296,0.027237121,-0.008861446,-0.012188057,0.001098013,0.00611504,-0.000845386,0.003712314,0.002489995,0.048707094,0.036635741,-0.02809258,-0.008012948,-0.008778305,-0.015859182,-0.002191824,0.002512958,0.002235596,0.001203965,0.008745695,0.013044953
9/6/15,0.017165772,0.000663957,-0.002187396,0.00895212,-0.010649828,0.001263857,-0.000386185,-0.018501319,0.032011914,0.022216621,0.017324561,-0.013891342,0.008621185,-0.01759583,-0.000505192,-0.011647918,0.004454535,-0.014582248,0.003551776,0.002555062,-0.004969821,-0.018418879,0.018402797,0.014546191,0.014148238,0.001410908,-0.002798592,-0.017228566,0.014776728,-0.003010435,-0.012173057,0.007250451,-0.04201302,-5.77E-05,0.001249131,0.024267038,-0.008853668,0.003688361,-0.029093658,0.012013719,-0.01576192,0.02001248,-0.002909972,0.006721953,-0.000826176,0.013659955,-0.002089933,-0.000616024,-0.040065639,0.00053226
9/7/15,-0.011940314,-0.011816163,-0.010956849,-0.002431812,-0.009297783,-0.005389599,-0.001337024,0.004460596,-0.009418576,0.007580971,-0.000368696,0.02097255,0.005005597,0.014576959,0.017804276,-0.011039088,0.017146949,-0.003390509,-0.024349347,0.017646258,-0.001002045,-0.018775127,-0.004143536,-0.015846992,0.005114684,0.0009309,0.011320307,0.02861818,-0.029266764,0.005664794,-0.000431698,-0.008298886,0.000848294,-0.006804144,-0.00792425,-0.018672932,-0.003293438,-0.005854247,0.013934134,0.0229374,0.025466576,-0.000216059,-0.006167429,0.006788481,0.005935135,0.010443894,0.012809834,0.008549374,-0.010443413,0.015747218
9/8/15,-0.011431266,8.02E-06,-0.005342167,0.018728951,0.008437206,0.003632368,0.001946544,-0.004515341,-0.008557744,0.006395039,0.02280849,-0.031193339,0.011521975,0.032373143,0.018886011,0.007865119,-0.007244823,0.003281577,-0.031513089,0.026116866,-0.007893633,0.002518157,0.008410382,0.017557518,0.000693334,0.00073351,0.023195583,0.007357786,0.007402021,0.021905945,-0.005173233,0.01117308,0.007063715,0.002593215,0.010580027,0.001166531,-0.017661939,0.004549746,0.01566428,-0.003499074,0.004680519,-0.000118645,0.010426809,0.005226679,0.017591533,0.003424878,-0.000524923,-0.004712384,0.001827946,0.006063988
9/9/15,-0.010620058,-0.0190197,0.007313781,0.000829261,-0.000587655,-0.006916901,-0.01273234,0.010852877,-0.017338732,0.040127169,-0.000566402,0.0067781,0.007042457,-0.006473235,-0.005970852,0.012260225,0.016495754,-0.003455193,-0.001322918,-0.003363586,0.013945661,-0.013131084,0.00652482,0.012302188,0.012955079,0.023018342,-0.015785008,-0.014359775,-0.01043013,-0.016482163,-0.00441861,-0.000819268,0.003139761,-0.000430199,-0.01563737,-0.004681335,-0.009813843,-0.001948946,0.00099021,0.004747517,0.019915686,-0.00642783,0.011671555,-0.012131004,0.00683122,0.000891156,-0.013509228,-0.009604617,0.01928193,-0.012269049
9/10/15,-0.003152461,0.003066098,-0.017766337,-0.013780327,0.014978352,0.028266584,-0.009709532,0.023892755,0.00982006,0.00435493,-0.002433334,0.010910216,-0.00858013,0.024703866,0.008051009,-0.022569371,-0.02711973,0.009887803,-0.026365888,0.004630928,-0.017604823,0.006115447,-0.014619704,-0.001365445,0.006104912,-0.015725,-0.012325028,-0.00020931,-0.0100761,-0.015646497,-0.00414527,-0.004382977,-0.01846554,-0.018914821,0.022631207,-0.011343046,0.006944436,0.019432381,0.005563438,0.023833813,0.006232945,0.007126321,-0.008420816,-0.031492689,0.007440162,-0.012770494,-0.007097928,-0.000988184,0.009011832,-0.012361765
9/11/15,0.013769831,-0.00236211,0.016996004,-0.003775044,0.021696496,-0.000628014,-0.003633454,0.018133211,0.016719157,-0.007634497,-0.000254034,0.002924875,-0.011500876,-0.001480796,0.003221608,-0.006007189,-0.014032125,0.001896375,-0.014197317,-0.025892135,-0.002812073,-0.016804717,0.010409471,-0.002523624,-0.015326187,0.013295143,0.002368974,0.001342744,-0.007104621,0.007801031,0.023047158,-0.00675663,0.01404335,-0.005136974,-0.006078657,-0.000488399,0.010909945,-0.003184728,-0.011801774,0.026025009,-0.003159166,-0.013007112,0.003891834,0.006707597,-0.005765612,0.006639629,-0.011554639,-0.000840122,-0.001807858,0.015570838
9/12/15,0.017523183,0.011145891,-0.00402879,0.005435074,-0.002192922,0.031749073,0.002612287,0.001547219,0.009937351,-0.009872572,0.009278967,0.013391014,0.01287309,0.000747425,0.013202793,-0.024643634,-0.020703165,0.009048106,-0.006396069,-0.000580549,0.027556476,0.009634912,0.016636903,-0.015477579,0.011935487,0.001780019,-0.010953952,-0.001077907,0.00173607,-0.011297915,0.013447305,-0.004796995,0.000370308,-0.008167142,0.01838514,-0.000989108,0.017378177,0.008457575,-0.012565145,-0.005543426,0.009031183,0.011737411,0.023089142,-0.005159614,-0.007794072,0.002242126,-0.018578833,0.006852862,0.02039083,-0.001382791
9/13/15,-0.014340698,0.000359725,0.004764278,0.00539835,-0.000550071,0.012523913,0.008830271,-0.011411306,-0.003511484,-0.028333826,0.004224978,0.013560363,0.006163463,-0.025149184,-0.012821925,-0.027283034,-0.015660965,0.006465196,0.010848584,-0.000930638,0.027409825,0.006271409,-0.026544352,0.017946363,-0.010185556,-0.01682797,0.019300845,-0.004266651,0.009013772,0.001603969,-0.004965185,-0.004153217,0.014668445,-0.011306176,-0.016908327,0.003390034,0.012344699,0.012921565,-0.005148598,-0.004988637,-0.00544712,0.003777993,-0.003723651,0.000476208,-0.001728629,0.01591954,0.020523731,0.000969527,0.008604796,0.00144466
9/14/15,0.005259641,-0.002545916,0.017956872,-0.025591715,-0.001957742,-0.011305409,0.007875156,0.010242926,0.012794304,-0.013213346,0.004976053,0.0043484,0.000366253,-0.029459417,-0.001651968,0.006494196,-0.004715297,-0.019873239,-0.011789855,-7.42E-05,-0.019941056,-0.020967481,0.004438761,-0.021705507,0.012244083,0.016506982,-0.027297451,0.01932365,0.001019762,-0.018694028,-0.008950784,0.016955077,0.006075882,-0.017804127,0.002066097,0.012142723,-0.001618579,0.02407648,-0.004874064,-0.031526852,0.01228051,-0.019378872,-0.017792038,0.003354081,-0.013913128,-0.009300555,-0.00043156,0.001965196,0.014352968,0.006452632
9/15/15,-0.001350104,0.010613718,0.006070682,0.013352767,0.005439875,0.010627768,-0.003110261,-0.015803065,-0.017771143,-0.016099354,0.009920071,-0.001953497,0.015095156,0.022588958,0.019925081,0.0004839,-0.002408752,0.001702082,-0.019165172,-0.005796356,-0.019671298,0.008823701,0.003419927,0.033229551,-0.010292385,0.032500516,0.010415787,-0.000646883,0.018574103,0.00060653,0.007172808,0.012319004,0.014015496,-0.001178531,-0.006833676,0.025765645,0.002917476,-0.01247429,-0.017701768,0.005527835,-0.00875495,0.007412205,0.001127389,-0.006139688,0.011934534,0.008075173,-0.006282113,0.003123077,-0.015511398,0.018324415
9/16/15,0.003760585,0.009855104,-0.007271479,-0.011273901,0.001610437,0.000664877,0.006488202,-0.009147898,-0.025041686,0.00015944,0.011231319,-0.013543664,0.005478974,0.011225193,-0.02126456,-0.007148629,-0.002858619,-0.005929661,-5.10E-05,0.01857221,-0.029721597,-0.019217576,-0.002130994,0.01202258,0.013146809,-0.002022245,0.004382528,-0.002996586,-0.01738107,0.013319726,-0.017809387,0.018543549,0.00338252,0.005704048,0.000814288,-0.01213621,0.004213296,0.025029738,0.006587373,0.004476263,0.021694404,0.003722207,-0.016546556,0.000159582,0.011933305,-0.003406328,-0.001518768,0.011166374,-0.010258752,0.008269165
9/17/15,-0.001828575,-0.013306629,-0.009837647,0.01741658,-0.00687405,0.008047105,-0.005213702,-0.021296688,0.011519328,-0.011045956,0.021739087,0.026687637,0.003274051,-0.023390571,0.005594904,-0.003262586,-0.016993985,-0.007832442,-0.004580817,0.012068726,0.003703554,-0.002264707,-0.023988389,0.001878019,-0.008532128,0.009029585,0.008192922,0.00546332,0.018264493,0.00466788,-0.01937132,0.015970492,0.003562397,0.005778112,0.002562908,0.000857809,0.008507631,0.017512705,-0.019999554,-0.002869744,-0.013068777,0.001554374,-0.015822237,-0.014779505,0.008923805,0.010115079,0.018643909,-0.013940614,-0.016603246,0.007248857
9/18/15,0.014847039,0.005867722,-0.012131608,-0.011596168,-0.007120524,0.003771119,0.012495068,-0.003421668,0.000582423,0.005967952,-0.008040007,0.005865581,0.009085729,-0.016013836,-0.019736449,0.008131527,-0.007590776,0.002026723,0.005692379,-0.002531419,0.0080415,0.011329621,-0.000119737,0.015609247,-0.007111339,0.002621772,-0.003544812,0.008441482,-0.015592129,-0.001661338,0.003842733,-0.032293471,-0.014092777,0.011056539,-0.017368076,-0.007259212,0.012279929,0.005990769,-0.003017017,-0.021388415,4.96E-05,0.00405953,0.005151045,-0.015183677,0.007827008,-0.002219488,-0.016746176,0.004238373,0.014444856,0.000129686
9/19/15,-0.004784001,0.027817249,-0.013427162,0.012533195,-0.016591807,-0.004002017,0.004696067,-0.01056386,-0.01753032,-0.00340701,-0.00243467,0.011033566,0.026647216,0.000265531,-0.005327923,0.019837453,-0.015024205,-0.003235493,0.021203715,-0.018673879,-0.006585023,0.002115681,-0.006157683,-0.021019276,0.003957327,-0.031485388,0.005902517,0.008782184,-0.023834028,0.015864996,-0.000173437,-0.014374082,-0.014531146,0.002011765,-0.009844857,-0.00172094,0.022745059,-0.011118511,0.010650162,-0.00194128,-0.015094413,-0.00100707,0.011721779,0.005068224,0.015629397,-0.001355341,0.000372975,-0.009673347,0.008477413,0.001482577
9/20/15,0.007762892,0.03433845,0.016397557,-0.005477985,-0.000207473,-0.017934721,-0.002868099,0.004910715,-0.014887395,0.001461087,0.004551903,0.010756886,0.01206311,0.034270645,0.003859976,-0.000408473,0.001573495,0.002196916,0.026246699,0.008258923,0.008866316,-0.01788798,0.018620213,-0.013531074,-0.024202705,-0.001476486,-0.00501805,0.001064965,-0.005120155,0.011093412,0.013730621,0.007112678,0.012057424,-0.01157727,-0.038680704,0.015751073,0.010872414,-0.017954363,-0.016561828,0.010761217,-0.009905928,0.023719445,0.006920745,-0.013393573,0.026352191,-0.01673169,-0.003840972,0.014919921,-0.00956146,0.003944679
9/21/15,0.004673583,0.001126955,0.002620572,-0.00192585,-0.008595365,0.009861996,0.007088284,0.017707556,-0.029447007,0.000987474,0.001430085,-0.001183517,0.003422392,-0.009693415,0.008142355,-1.74E-06,0.018072307,0.011104952,-0.005062077,0.025199818,0.017146473,0.004651166,0.003740332,0.001167808,0.000836705,0.019811699,-0.004435605,-0.016822797,-0.005429669,0.021020627,0.048799059,-0.017263913,-0.007106378,-0.019769812,0.001258435,0.014538462,-0.00298342,-0.000534786,0.002315859,-0.021714593,0.017068821,0.010594483,0.005338979,0.013765151,-0.018270557,-0.001539976,0.008508078,0.010745984,-0.002368836,0.008112165
9/22/15,0.01900238,-0.001807929,0.02051538,-0.001144235,0.011009385,-0.015789253,0.004636294,-0.024591052,0.019276536,-0.02411115,-0.004235955,-0.006600952,0.015960138,0.01623635,-0.000261109,-0.002197931,0.013045949,0.027180462,0.015727849,-0.019832612,0.017562742,0.016868782,-0.019055232,0.006974565,-0.002409148,0.022548393,-0.008407453,-0.004897941,0.00277411,0.038034823,0.006167572,0.010043092,-0.001863606,-0.00994459,0.023347828,0.013772272,0.011163192,-0.002252246,-0.018457072,0.008086679,-0.002605809,-0.001055367,0.005246424,-0.001457317,-0.017468371,0.013748356,0.000763472,0.020710845,0.01133522,0.004370974
9/23/15,0.002524732,0.01464302,-0.005490309,0.018903068,-0.003446866,0.012178115,-0.004155497,0.004268464,0.028047137,-0.011441226,0.02115237,-0.002276051,-0.014482445,0.02136498,0.005035843,0.007048713,0.004810889,-0.023768507,0.005943875,-0.021681833,-0.016750647,-0.003247218,-0.007149753,-0.025953831,-0.010667943,0.005025572,0.003465138,-0.004853721,-0.003211503,-0.000195405,0.017153314,0.004199313,-0.005837834,0.007871257,-0.009134553,-0.001320031,-0.006243308,0.009649916,0.011725996,0.002431533,-0.016541675,-0.004968856,0.00675112,0.004606907,-0.015030181,0.028556552,0.012311509,0.02323794,0.014339386,-0.000536291
9/24/15,0.002057985,0.000301609,-0.004866908,0.00019485,-0.012738725,-0.020246643,0.003256942,0.00680723,-0.012587086,0.007265477,-0.010597884,-0.003267827,0.007450242,0.002950706,0.010361418,0.005229187,0.018524976,-0.002528122,-0.012430224,0.017557495,0.014009679,0.000672649,-0.003632813,-0.002378509,-0.015434804,0.005778363,-0.002296257,-0.014322214,-0.009883079,-0.019679598,-0.003492243,-0.002191018,-0.008638696,-0.002787337,-0.003973319,-0.002631265,0.00104336,0.016345165,-7.66E-05,-0.000688842,0.016417886,0.000946365,-0.029341968,0.01843844,-0.013512644,0.001884602,-0.007614373,0.011955981,0.006307227,-0.001311605
9/25/15,-0.007502879,0.004871572,-0.000207837,-0.020264666,-0.01680924,-0.01087707,0.004554212,0.017763539,0.013755993,0.00493441,-0.017605688,0.028280246,-0.000203246,-0.004170725,-0.00421128,-0.010969036,0.005749485,0.002327672,-0.004121263,-0.005782482,-0.002331919,0.022294009,0.007686497,0.001153391,0.005242215,0.000824054,0.001332619,0.002049662,0.003343307,-0.005770672,-0.018508278,-0.018295622,-0.002966027,-0.010008852,0.025723086,-0.004932908,0.018848631,0.000229486,0.023857944,-0.004521228,0.014671728,0.006799451,0.000803719,0.01424135,0.013441921,-0.01108369,0.012991251,-0.006021915,-0.002418223,-0.021839131
9/26/15,-0.027305564,-0.01448985,-0.017320786,0.005504435,-0.001536154,0.008327957,0.01478932,0.015441747,0.019129313,0.00710762,0.024844163,0.000659542,-0.006882295,-0.004878173,0.004428531,0.001482523,0.016678214,0.015603773,0.013497144,0.006581069,-0.014745282,0.005156682,0.006037061,-0.002516727,0.008913786,0.011564621,0.005305037,0.012660224,0.004785793,-0.016597037,-0.00249095,-0.017622314,0.01564454,0.005954454,-0.007307816,0.00369472,-0.021451859,-0.000194321,0.011285137,-0.012337744,-0.013152866,0.012053206,0.025413383,0.009314393,0.008793958,0.005763281,0.016505813,-0.011684026,0.000138076,0.002334958
9/27/15,0.003770768,0.022136596,0.00172208,-0.007143404,-0.010152873,0.002492614,0.002641458,-0.004775313,-0.002466259,0.005549823,-0.001975278,0.003576169,-0.007512642,0.004667301,-0.000261734,0.000688897,0.025447983,0.010121465,0.014062647,0.00619249,-0.016170432,-0.012118383,-0.006038708,0.026318269,-0.013648571,-0.007659176,0.00940794,0.024054879,0.023780131,-0.01260469,0.003481739,0.010968805,0.005030852,-0.002436254,0.00076426,-0.001950991,-0.022353395,-0.000951401,-0.015644678,0.005708251,0.004331997,-0.010592377,0.005406024,0.005822104,-0.007076237,-0.003723055,-0.007999519,-0.019333568,0.013819105,0.015753035
9/28/15,-0.014326299,0.025538597,0.017650396,-0.019099438,0.029226683,-0.020074617,0.000154454,-0.002426108,0.004749188,0.021207291,-0.011760555,-0.007743609,0.005473055,0.005437523,-0.015101189,-0.006008125,0.009820018,0.014809788,0.003274961,-0.000139729,-0.009660802,0.008281132,-0.008231674,-0.000731174,-0.005801991,-0.005544858,-0.001620421,0.005617425,0.009218059,-0.017068515,-0.004732898,-0.009728574,0.012863391,0.001521105,0.00028135,-0.010408957,0.011913991,0.013708343,-0.0164174,-0.007675992,-0.00589933,-0.01504973,0.001662602,-0.000796894,-0.014761277,-0.001117954,0.00120662,-0.021303781,0.016972726,-0.002218105
9/29/15,-0.013987964,-0.000276399,-0.001681741,0.006701358,-0.00877295,0.00029699,0.013852994,0.018479443,0.001285912,0.0082292,-0.000595433,-0.012422016,-0.002335237,0.010528658,0.000211385,0.019558846,-0.005152083,-0.008143048,0.002469192,0.007164092,0.005598773,-0.026669864,0.019610793,-0.000635823,0.004409955,0.000822218,0.00041209,-0.023141004,0.012340987,0.00193039,0.001857728,-0.00473915,-0.007932468,0.002279641,-0.0055007,0.004033022,0.001846617,-0.002962132,-0.002519191,-0.004491899,-0.018872089,-0.01256765,-0.006912659,0.015132483,-0.004255465,-0.005354271,0.002459286,-0.01245878,-0.000711215,-0.018619501
9/30/15,0.002128023,0.017994718,0.000648387,-0.020981813,0.003140245,0.004554675,-0.02759946,0.002064026,-0.011417738,-0.005618941,0.010751707,-0.003367585,-0.002752003,-0.003319338,0.004765408,0.005059301,-0.003713541,0.001441874,-0.012504315,-0.030534452,0.000603214,-0.000734515,0.007214654,0.005905746,0.009146039,-0.020641344,-0.002518797,0.007429806,0.02103614,-0.00984158,-0.010958651,-0.009302617,0.003260705,0.007762742,-0.016394041,-0.015319636,-0.000454486,0.006864387,0.00894674,-0.014920145,0.019211962,-0.001698663,0.00870808,0.007897462,0.02221156,-0.007089724,0.017215127,-0.003308103,0.013767069,-0.021752355
10/1/15,0.008777788,-0.007049515,-0.004564302,-0.009339545,0.02722863,-0.02998727,-0.010448711,-0.00902693,0.007392077,-0.022817554,-0.004298462,0.016855064,0.017445326,-0.002589574,-0.000923966,-0.015014791,0.008582666,0.001294145,0.000657267,-0.004578343,-0.012501764,0.007887738,-0.008466326,0.013916038,-0.02258952,-0.01004078,-0.010890569,-0.009619551,0.003226895,0.006310605,0.003455707,0.011583713,0.002906747,-0.009185253,0.005234272,0.002759397,-0.013567428,-0.007478465,0.004880986,0.027901182,-0.022481369,0.014660678,-0.01574349,-0.000630776,0.01707477,0.023402268,0.024618978,0.005188629,-0.009745411,0.02684756
10/2/15,0.004136791,0.007141817,-0.012071755,-0.000226071,0.00133372,-0.012565364,-0.022690261,-0.026823263,-0.013551269,-0.013426821,-0.006055608,0.013357788,-0.013136362,0.002983645,-0.001520737,-0.000119501,0.037456741,-0.010666366,0.000638833,-0.016244027,-0.010822826,0.016359517,0.015265104,-0.016377286,0.004257281,0.01723907,0.002227943,0.024262529,0.013262937,-0.007908956,-0.009372779,0.003850107,-1.67E-05,0.011566417,-0.025879157,-0.005303647,-0.01132842,-0.017903987,0.002241707,0.007443127,-0.012913896,0.000358098,0.004545657,-0.011554417,0.001844497,-0.015910199,-0.019738675,0.011868085,0.003524826,0.020533508
10/3/15,0.017322098,0.001039349,-0.000369183,0.005083363,8.79E-06,0.020648472,0.003693142,0.009603004,0.007691962,-0.000447756,0.000266666,0.00261488,0.016523379,0.00775806,0.016857207,-0.001104829,-0.032359629,-0.011559456,0.012749626,0.00011986,-0.012654648,-0.001361302,-0.030311389,0.028118644,0.004599317,0.014549535,0.012057214,0.006573516,-0.014829019,-0.002314019,0.001198391,0.037372959,-0.002859101,-0.030771945,-0.004009815,-0.018263135,-0.000872718,-0.012189556,0.006919136,0.002279913,-0.013030395,-0.0034175,-0.020435753,0.00690122,0.002412511,0.007415695,-0.020715213,-0.020241623,0.0145956,0.012032121
10/4/15,0.007181412,-0.0009094,-0.012159554,-0.01447949,-0.003117344,0.002895211,-0.012526359,-0.011933026,-0.00798268,-0.000598012,-0.018690658,0.002049226,-0.004825393,-0.003595403,-0.00267643,-0.006916279,-0.005944858,0.012330525,0.003344194,0.015006576,-0.00722427,-0.006924142,-0.019677463,0.01876078,-0.020188008,-0.006251556,-0.038644316,-0.004982079,-0.001541872,-0.003499883,-0.006893063,0.018770077,-0.000270094,0.01256976,-0.005610701,0.000526843,0.00579015,-0.020069448,0.013408611,-0.002470576,-0.026192484,0.012994534,-0.015260623,0.005567181,-0.009330031,0.001675116,0.008584104,-0.021888429,0.000778678,-0.005995323
10/5/15,0.015623617,-0.032506629,0.008567789,-0.00622443,0.010501705,-0.029537037,-0.005620129,-0.005254705,-0.001915346,0.021834596,-0.019697368,-0.001456665,-0.018001166,-0.001603173,-0.005234122,-0.02344688,0.001553339,0.003740523,-0.018515029,0.00454077,-0.020682782,-0.014026797,-0.002787136,0.00253351,-0.002155999,0.053395983,-0.021660103,-0.030005889,0.004501497,0.007316246,-0.006376403,0.013401213,-0.005235697,0.025046749,0.013058562,0.007410689,-0.020697822,0.001597652,-0.010431341,-0.020075591,0.013615269,0.00903497,0.016308949,-0.015400217,-0.022649859,0.004009244,-0.012567744,-0.003749553,-0.014882002,0.001239338
10/6/15,-0.028540298,0.02839909,0.003047921,0.001250439,0.004434628,0.000105805,0.009692519,0.002214317,-0.002151893,0.012584656,0.016229487,-0.017781048,-0.01827807,-0.01628366,-0.031564443,0.007415644,0.004526549,0.017747642,-0.018639154,-0.011052842,0.005756555,0.022952992,-0.009471947,-0.025279533,0.011924559,-0.005941986,0.005715799,-0.020176551,-0.007729613,-0.008904712,-0.002485689,0.028600796,0.011781493,-0.027677516,0.016735822,0.009117859,0.01016913,-0.015662318,0.009579879,0.019914559,-0.028582666,-0.016741316,-0.016709748,0.007084639,-0.014735563,0.007954915,-0.001749094,0.005302503,-0.008426569,0.032348242
10/7/15,-0.021088582,-0.004505755,0.007863595,0.0021784,0.016650435,0.017134024,0.006241333,0.004139544,-0.015994546,-0.017259062,-0.016727582,-7.50E-05,-0.019268735,0.01403193,0.016850912,-0.00655399,-0.02890096,-0.010534502,0.019734714,0.006225659,0.025528866,0.004619033,-0.008693533,-0.004402043,0.011147841,-0.00552541,0.001583612,0.042961692,-0.011490748,0.009811145,0.005756001,-0.000900424,0.004978719,-0.019279351,0.013188436,0.007868649,0.006043083,-0.013574175,0.003274414,-0.026089747,-0.007162832,-0.017525927,0.013977858,-0.016338523,0.00607312,0.00369426,0.009526456,-0.006403156,-0.015236881,0.013932764
10/8/15,-0.010956966,-0.002984463,0.001078038,0.007792557,-0.010579624,0.005971395,0.01558022,-0.005338806,0.006708503,0.020793006,0.004828709,-0.010756712,0.000687222,0.000579833,-0.010971937,-0.004564869,0.007520874,0.003443897,-0.007956846,0.026244932,-0.016923319,-0.008688748,0.008815572,0.014880342,0.006067243,0.023117039,-0.001973541,0.000164639,0.003169942,-0.003156509,0.00385977,-0.000830336,0.002529844,0.003843482,0.000604233,-0.011895008,0.007617084,0.00539798,0.001601097,-0.007275082,0.047045458,-0.010436479,-0.016629749,-0.010380353,-0.00661846,-0.031172945,0.002787306,-0.015649175,0.007324812,0.003739951
10/9/15,0.03746178,-0.01380484,-0.017189999,0.024397672,0.005360211,0.000620855,0.024910717,-0.001353786,-0.004291126,0.014725166,-0.005849536,0.017556392,-0.012717424,0.005548589,-0.01101711,0.016029931,-0.015759963,-0.026970372,0.014517055,0.004145519,-0.003598961,-0.001668582,0.000997529,-0.009774188,-0.004876212,-0.012551552,-0.01925642,0.004961871,-0.002655502,-0.025330879,-0.008862833,-0.014169335,-0.005704066,-0.012896956,-0.005366809,-0.004835285,-0.003199308,0.013019052,-0.003946447,0.008846108,0.000455106,0.00250554,-0.033384977,-0.010439461,0.004478103,0.000947443,0.004524046,-0.011522782,0.004315032,0.014442178
10/10/15,-0.026496844,-0.011239917,-0.003161826,-0.002966894,0.006100604,0.010008905,0.01582289,0.001162494,0.00755373,-0.005992023,0.012496717,0.026329157,-0.019862509,0.005220906,-0.024602213,0.019708245,-0.002844032,-0.006281072,0.02257098,0.00014148,-0.014256717,-0.015546452,-0.001005043,-0.003456947,0.015302664,-0.009841356,-0.000654839,-0.001549917,-0.009551686,-0.003985848,0.005898212,-0.029806152,-0.003916528,0.012940229,-0.012818187,-0.004588959,0.024470333,-0.024239491,0.004507468,-0.005214048,-0.006957029,0.018322314,0.008969587,0.003982587,-0.004513551,0.019467134,0.009713291,0.003174018,0.021135456,0.006613752
10/11/15,0.003790915,-0.020204826,0.016440523,0.011712272,-0.02945464,0.000721581,-0.005305282,0.001593347,0.004951519,0.012319583,0.012559819,0.003785029,0.01192051,-0.018918357,0.000572921,-0.014722843,0.002178661,0.019797369,-0.001769106,0.004811085,-0.002211657,-0.005982451,0.009117994,-0.001345133,0.010100276,-0.003406594,-0.012436432,0.00991788,0.011541829,-0.013057103,0.004998738,0.006739355,-0.007295143,0.007759261,-0.00345658,-0.01493434,-0.00051181,0.017598912,-0.000283339,-0.013820027,0.013830152,0.003711227,-0.005574245,-0.00414618,0.010347988,0.012388781,-0.025950625,-0.012470165,0.010991889,0.000809641
10/12/15,0.00602814,0.003922183,-0.000285059,-0.012266553,0.011430441,-0.011948259,-0.014615949,0.014452471,-0.005755323,0.008669289,-0.032868126,0.018036418,-0.000404507,-0.01571113,-0.010097786,0.001063466,0.000889128,-0.017008126,-0.00189603,-0.014909007,-0.019674184,-0.010352815,0.01256177,0.006881476,0.002953839,-0.009322869,0.005672153,-0.005158932,0.015348693,-0.002744935,-0.009346673,0.001802153,0.014021309,-0.001229341,-0.00137333,-0.008563572,-0.012219258,-0.026309996,-0.002566364,0.000698414,-0.00795531,-0.010076948,-0.000523657,0.013680856,-0.030327907,0.000112929,0.005378675,0.001672709,-0.014718306,-0.011221682
10/13/15,0.001313259,0.004823303,-0.021329793,0.008571663,-0.003191362,0.006413194,0.003149528,0.004946351,-0.008197792,0.003982865,-0.012704107,-0.017963134,0.014240922,-0.002709486,0.009463133,0.007312172,-0.018771148,-0.000624729,0.005458788,-0.021472222,-0.003953586,-5.38E-06,0.016949778,0.001146351,-0.00544906,-0.013805043,-0.001650893,-0.00013788,0.011229081,0.001484355,-0.003239065,-0.020479786,-0.003874245,0.006779613,-0.006746166,-0.004742533,-0.011307548,0.010868312,-0.007641273,0.002864029,-0.001578346,-0.008672742,-0.000348241,0.009644391,-0.02349037,0.008032708,-0.006387333,-0.016729885,-0.001995975,-0.003287221
10/14/15,-0.000528639,-0.002296615,0.00374274,0.013488566,-0.011861725,-0.00298845,0.003687329,-0.000560821,0.003153603,-0.0105086,-0.00166454,-0.009977816,0.002917203,-0.017449537,-0.005807979,0.026400606,0.002932615,0.015844307,-0.00052817,0.004098172,-0.014770811,0.004010207,-0.016095856,0.032729676,0.001352028,0.006124948,-0.001739986,-0.014462324,0.006620194,-0.014999271,-0.0001708,0.016463748,-0.012417097,0.000466909,-0.013023087,0.013783707,0.009864314,-0.011134771,0.016742217,0.004135504,-0.006691571,-0.00855507,-0.006373028,0.001261274,0.013008721,-0.014135072,-0.002223226,0.012042063,0.013157637,0.035293079
10/15/15,-0.000923374,-0.015539888,-0.001681452,0.015781834,0.008111946,-0.003941371,-0.00101574,-0.001704326,0.010764543,-0.018637611,0.014018606,-0.012088078,0.001887293,0.001093334,0.010677666,0.015596292,8.16E-05,-0.000895829,0.020731006,0.031063311,-0.003352878,0.006476103,8.90E-05,0.005999786,-0.002411235,-0.014148915,0.007000624,0.013470047,-0.016608645,0.010499384,0.001583818,0.008567915,-0.014119216,-0.014031866,-0.009081636,0.004337536,-0.006168721,-0.00705803,0.007136767,0.019011846,-0.000633398,0.020394669,-0.012563701,0.003501521,0.0084155,-0.007828089,0.005662103,0.007818421,0.02456586,0.0153521
10/16/15,0.018476799,0.000477604,0.013474159,0.000241657,-0.01390912,-0.01774443,0.016765944,0.001160367,0.017565805,-0.005908545,-0.014296551,0.014095237,0.00427686,-0.019070636,0.012749922,0.019725028,4.97E-05,0.00046609,0.00241063,0.000671795,-0.002207062,-0.019546542,0.001286489,-0.000312087,-0.01926349,0.005439076,0.001489118,-0.02328152,0.023647743,0.008669266,-0.002715699,0.002467258,-0.004160302,0.009564259,0.018733094,0.0011406,0.001613333,0.015733058,0.008995899,-0.001654145,0.002678502,0.009044436,0.001208912,-0.000764363,-0.004210331,0.043847272,0.011200244,-0.010605288,-0.008228243,-0.001062904
10/17/15,-0.017165821,-0.025315157,0.008571969,-0.027408198,0.004191198,-0.02264542,-0.016018095,0.003817357,0.00330572,0.001589552,0.003320136,-0.024699203,0.009814312,0.000886922,0.003832902,-0.019625399,0.027311148,0.018414951,-0.013733006,0.001862349,-0.00199081,0.003378314,0.012425131,-0.010171059,0.035798122,-0.009238925,0.010614795,-0.003699634,0.010597989,0.005229309,-0.000263377,-0.012589788,-0.025849383,0.019389829,-0.019763319,-0.008500273,0.009090921,0.000100184,0.009144896,0.018987689,0.000642661,-0.013568846,-0.006555389,0.018884889,0.002261262,0.004107802,-0.013431507,0.002047455,0.024587348,0.019955313
10/18/15,-0.010154404,0.009109377,0.006839159,-0.015787077,-0.005234759,0.017202689,0.025676718,0.011054386,-0.001395358,-0.004509179,-0.016742536,-0.029869463,0.0188071,0.01254362,0.019007665,0.020144652,-0.000142753,-0.003129165,-0.003729865,0.002082301,0.032693929,-0.000804791,-0.007675314,-0.01194278,0.008541801,-0.018308553,-0.007443021,0.007065157,0.034002921,-0.024605085,-0.020031881,-0.008917687,0.000360473,-0.008655394,0.00088156,0.001510565,-0.011541911,0.019209771,-0.012176338,0.012354272,-0.006117893,-0.029418704,0.000734304,-0.004683721,-0.006313263,-0.002509959,0.003245029,-0.003852347,0.024058477,-0.014486076
10/19/15,-0.017001311,0.020984869,0.017566702,-0.005618935,0.011439562,0.002721019,-0.01560244,6.96E-05,0.008133329,-0.016665578,0.017373745,0.006199462,0.003570838,0.011821593,-0.021032221,-0.011774938,-0.016352202,0.006746517,-0.013024566,-0.01957788,0.009243117,0.010006352,0.000303848,0.013025716,-0.001379902,-0.021971614,0.004511662,-0.003575077,-0.021937351,0.019197096,0.008135754,0.001152317,0.012893997,0.021854716,0.005752862,0.000290943,0.012428806,0.007298319,0.019757283,-0.010064515,-0.035188708,-0.015815866,-0.009589516,-0.015379953,-0.027829063,-0.016942401,-0.014390458,-0.003495921,-0.023291006,0.000608853
10/20/15,0.009426353,-0.005000663,-0.015629508,0.018466621,-0.00366689,0.010870141,0.002441843,0.016750211,-0.001465699,-0.023399646,0.003483836,-0.005827194,-0.027550644,-0.009206778,0.007865951,0.003127807,0.000834655,-0.00784328,0.012513185,0.011325594,-0.000920169,0.010298528,0.00842247,-0.00198863,-0.00752953,-0.017811826,0.002964639,0.020155421,-0.004748896,-0.012223305,0.018463242,-0.009691125,-0.011349867,-0.002413457,0.003976968,-0.016532355,0.001341702,-0.008200957,0.007683342,-0.007569288,0.002679573,-0.013444656,0.012185746,-0.006890285,0.000322756,-0.029150302,-0.002752153,-0.00434488,-0.004338588,0.001997718
10/21/15,-0.007737295,-0.02732626,0.015282384,-0.01652415,0.002598508,0.010463542,-0.003644604,-0.000530297,-0.000554004,-0.007705558,-0.013451929,0.019375285,-0.01192219,0.01134525,-0.005304602,0.004824804,-0.000263365,0.010769187,-0.016977458,0.01776993,-0.015238066,-0.0114954,-0.017546582,-0.02320632,0.016592053,0.017695028,-0.007671563,0.002975652,-0.011575334,0.014473623,0.00462984,0.010629184,-0.004114702,0.006574524,0.004803101,0.014157358,-0.001653833,0.006607094,0.00472922,5.63E-05,0.00839155,-0.006139892,-0.004233356,-0.017824245,0.008353135,0.001775496,-0.00202701,0.005824286,-0.016041377,0.005531712
10/22/15,0.006943157,-0.00194683,0.016843374,-0.025020083,-0.003357851,-0.025272034,0.004154479,0.011352924,-0.013568607,-0.000273119,0.009537188,0.00755852,0.016766159,-0.01321207,-0.001349468,0.008668973,-0.017357783,0.000977309,0.004637035,0.007548158,0.002858231,-0.002282048,0.011427922,0.004910524,-0.011368906,0.006585506,0.015288883,0.017616325,-0.002238135,-0.016604401,-0.014937389,0.00103642,0.009762233,-0.003665244,0.015996128,0.002227764,0.012509386,0.011197478,-0.010841537,0.025018455,0.006154897,0.010987668,-0.022562771,0.000883992,-0.002642785,-0.019687561,0.015021516,0.002760837,-0.003819496,0.029883908
10/23/15,-0.023447858,0.006686714,-0.002491469,-0.003596924,0.002639869,0.001212431,0.006054927,0.011367292,-0.000757331,-0.013291555,0.003159295,-0.009365892,-0.001504329,-0.022202637,-0.004026781,0.000347359,0.004585355,0.005468266,-0.012582722,0.000449024,-0.006972125,0.005604131,-0.004109548,-0.00386814,-0.016025622,0.010558289,-0.016933171,-0.005995214,-0.000505109,-0.001693068,-0.023063477,7.69E-05,0.028203425,0.045437053,-0.021202152,0.017536828,0.004530572,0.01841654,-0.004576183,0.003544061,-0.002942081,0.016471666,-0.013970697,-0.00545097,-0.000694614,-0.035266842,-0.029687771,-0.006392538,-0.008703551,0.000152517
10/24/15,-0.01377154,0.023484461,0.007681353,-0.01414659,0.005129802,-0.01143751,-0.02031934,0.029139531,0.007296567,-0.00205072,-0.031118316,0.021728855,-0.002714401,0.030513113,-0.000379368,0.009378049,-0.002098956,-0.020993436,0.021878114,0.010525687,0.000572114,0.018219659,0.000523842,-0.00429516,-0.004253041,-0.030179442,-0.007751797,-0.017498312,0.001981098,-0.018734843,-0.021567546,0.001042975,0.014728026,0.020348265,0.033647807,0.006212571,-0.009253344,0.000156022,0.001267823,-0.017669321,-0.010029614,0.013727661,-0.00162427,0.005866163,-0.008334641,-0.00815836,-0.002659655,0.006857983,0.001039615,-0.023230005
10/25/15,0.012627293,-0.013586581,-0.000830092,-0.018331082,0.014450928,-0.017365584,-0.000472897,-0.013754412,-0.020296835,0.003283477,-0.006361679,0.005521119,0.001127185,-0.009865628,-0.003966233,-0.021329611,-0.015426648,-0.01721396,-0.010018561,0.002876267,-3.47E-05,0.005894405,0.002905823,0.001239064,0.007082815,-6.19E-05,-0.003077429,0.006651849,-0.026821463,-0.009430401,-0.033332982,0.02028365,0.018902756,-0.008733995,-0.028807257,0.020212979,0.011548985,-0.002706079,0.010675192,-0.020858175,-0.000826743,-0.001492638,-0.024025769,-0.00911838,-0.015322515,-0.002411152,-0.016939462,0.005590814,0.014303579,-0.017598461
10/26/15,-0.001901248,0.015207277,-0.024103406,-0.005986057,-0.003832256,0.021874467,-0.001733234,0.0090125,0.005785807,-0.01238652,0.01684744,0.004931193,0.019851576,0.001374495,-0.013939058,0.004697913,-0.004577439,-0.016049471,-0.008224149,-0.012791255,-0.002505158,0.008320725,-0.017700479,5.69E-05,-0.01479318,0.010004981,0.033878919,0.006293302,0.013756725,0.016722361,-0.011264082,-0.007203872,0.017795913,0.001581186,0.001027669,-0.026170723,0.003629338,-0.012949378,-0.012691374,-0.018272042,-0.003485629,-0.024107815,0.00063706,0.016945951,-0.001083755,0.000828705,-0.003343976,0.000221301,-0.014546303,-0.024789029
10/27/15,0.030767733,0.012883125,0.000509153,-0.008488425,-0.001843426,0.003435494,-0.005725056,0.004266964,0.019032454,0.021451409,-0.003863018,0.00753848,-0.004358855,-0.006659974,-0.002044324,0.009201359,-0.008355812,-0.011895297,0.008119704,-0.007690532,0.008366959,-0.001928857,-0.011709267,0.010726105,0.008067539,0.014175563,-0.021233968,-0.001774035,0.026036577,0.018871919,-0.002099571,0.00079046,-0.02136466,0.021850329,0.01269965,-0.005642753,0.023015674,-0.000415399,0.013905555,0.005704811,-0.037968585,-0.013965155,0.014443484,-0.014725559,-0.006667097,0.018431519,6.11E-05,0.010530309,-0.026986056,-0.002521301
10/28/15,0.005759774,-0.002680771,-0.005482432,0.015102996,0.014031651,0.010026988,-0.024332492,0.009748848,0.007193882,0.016233651,-0.012903381,0.002654959,0.016133302,0.003509499,-0.016063167,-0.007823877,0.011391053,0.002038527,0.018010729,0.017013298,-0.000536791,-0.005552255,0.015981535,0.007507188,-0.000694513,0.010444633,0.019163945,-0.025113,-0.00059256,0.026475449,-0.001103844,0.002630784,-0.004786148,-0.00207499,-0.020878124,0.020735194,-0.017589103,0.019155872,0.001264593,0.005503775,0.003412818,-0.005494879,0.010438599,0.018437986,0.013633549,0.021516429,0.008373739,-0.000231889,0.004238954,0.012364419
10/29/15,0.017170072,-0.007370288,0.006238011,0.032946709,0.004385093,0.011406708,-0.004254957,-0.002136718,0.002710259,0.015951918,0.005318916,-0.001113154,0.004132485,-0.003307519,0.013697995,0.016616931,0.009276199,-0.010772747,-0.021339495,-0.024466211,0.009303986,-0.001186108,0.003114535,-0.008701749,0.002683731,0.015497341,-0.015320842,-0.015891079,0.004865406,0.020466918,0.013592553,0.005553423,0.007912834,0.000251109,0.01010683,0.008334358,-0.004778029,-0.004638522,0.028207965,-0.014059815,-0.000616382,0.014701107,-0.00186416,0.014249368,0.001469003,0.001490656,0.015271707,0.003760203,0.003108233,-0.013320757
10/30/15,0.021360859,-0.008457422,-0.017750435,0.025412205,0.017895506,0.005556865,-0.023113135,-0.000833942,-0.002470596,0.006250491,0.0098482,0.001955821,0.000427339,-0.009811493,-0.010239691,0.012384667,0.000786504,-0.00123841,0.002397144,-0.015301948,0.007742727,0.004926248,-0.013484721,0.000177219,0.0117895,0.004064608,-0.025835718,-0.015643116,0.002630762,0.008744014,0.018080045,-0.036328891,-0.018471227,0.009007537,-0.010565051,0.011492774,0.017842359,-0.031082258,-0.005448925,0.013203421,0.023303791,0.023695049,0.013314792,0.019341088,0.003036615,0.017237154,0.028417425,-0.013662921,-0.013110693,-0.003374116
10/31/15,0.007377858,-0.018404645,0.001314887,0.000927789,0.023095561,0.001729381,-0.014788309,0.004379952,0.012434947,-0.002632887,-0.001509601,-0.029850066,0.006865652,-0.011680538,0.004139359,0.021671102,-0.008814328,-0.017351187,-0.001505644,-7.05E-05,0.000457485,-0.002541058,-0.000931381,-0.011265892,9.06E-05,0.002650924,0.012110013,-0.006829832,0.01215822,-0.018078428,0.001228447,0.014515594,0.004926496,-0.010290414,0.003962185,-0.014587859,-0.004582432,0.001492289,-0.003569798,0.001956861,-0.011215923,-0.013183071,0.020751263,-0.001549748,-0.020192855,0.004798787,0.010350997,-0.000283282,-0.028663808,-0.010741615
11/1/15,-0.01426587,0.003551269,-0.022413901,-0.021708888,-0.013257159,0.001361725,0.000997946,-0.023424429,0.03015239,-0.003738823,0.010539129,-0.000317693,-0.030079259,0.027564332,-0.004271127,-0.001821241,-0.004448444,-0.002560653,-0.005178454,0.00540205,0.006698684,-0.0239365,-0.014218116,0.007645258,0.007072345,0.012197079,0.012487943,0.021189792,0.010898946,-0.012252507,0.00641289,0.000940135,0.007335364,-0.001459898,0.0187419,0.015576664,-0.012772926,-0.006822156,0.007080074,0.008236289,-0.00866495,0.014429793,0.025413329,0.007955455,-0.002423234,-0.010610452,-0.006970735,0.002044405,0.006667161,0.00288894
11/2/15,0.004497527,0.015964348,-0.003977777,-0.006235504,-0.013897881,0.017143751,-0.019405283,-0.007127619,0.002122203,0.020138216,-0.022713616,0.015338668,0.002400895,-0.005485879,0.010431436,0.018604621,0.004275619,0.008733573,0.003141982,0.010974497,0.00450984,0.024762706,0.009627244,0.016199669,0.014628604,-0.023375627,0.016491372,-0.00890744,0.001676998,0.007134533,0.006729023,0.002622325,0.024840879,0.000418045,-0.013984861,0.01467368,0.015893946,-0.012513434,0.009774356,-0.008565553,0.013473055,-0.000526065,-0.008568266,0.002593443,-0.007538963,-0.011227898,0.015725429,0.010920459,0.001696401,-0.008605532
11/3/15,0.0026882,0.005716101,0.019246464,0.001066529,-0.017606456,0.004334359,0.029652986,0.003378481,-0.000333905,-0.021311053,0.0047485,0.001507533,0.030688935,-0.001187388,0.002968262,-0.004957128,0.015897241,0.005703824,0.002468497,-0.000461432,0.024550301,0.024632037,-0.01020068,0.002479954,-0.010220037,-0.001783415,0.018159914,-0.010098066,-0.009204239,-0.003090275,0.004355681,-0.012529951,0.00239153,0.010217064,-0.014138485,-0.002049115,0.01742572,-0.013696417,0.024997821,0.013557561,0.012543077,-0.003508248,-0.012657857,-0.005979481,0.008109988,0.011050453,-0.006225558,0.002438611,-0.01987947,0.001475691
11/4/15,-0.008398923,-0.012318987,-0.01515349,-0.019010432,0.014763484,-0.011945155,0.005257422,0.019606594,-0.014875484,0.006267886,0.003384694,-0.012923393,-0.012767621,-0.000363012,-0.012922923,-0.020212578,-0.001095249,0.017008221,0.025481914,-0.001920714,0.000722464,0.001713252,-0.003298157,0.007293273,-0.008637271,-0.008542983,0.017213615,0.020639771,0.021193687,0.015502779,0.016943736,-0.014009185,0.017004365,0.018719036,6.48E-05,0.016892831,0.003291912,-0.002213859,-0.020922715,-0.012677235,-0.020132875,-0.011358819,0.005023327,-0.004371649,0.002187385,-0.031633058,-0.012925967,-0.00029156,-0.001520997,0.027871956
11/5/15,-0.001148984,-0.024597496,0.005588265,0.021896497,-0.000953261,-0.015447726,-0.004995707,0.005762721,-0.001565088,-0.013988968,-0.023523867,-0.011929317,-0.002596722,0.003232854,0.004676935,0.003857593,-0.002186768,0.017841668,0.000915046,0.011938496,0.005049691,-0.000665772,-0.020553238,0.004184711,-0.014165507,-0.005501519,0.011691709,-0.006613035,0.00198771,-0.008055808,0.004091272,0.004147103,-0.015316507,0.009088145,0.02091777,-0.010889185,-0.012478717,-0.013915737,-0.003430375,0.009382915,-0.00411956,0.004982517,0.0191206,-0.005972901,-0.017018624,-0.012509655,-0.008882073,-7.11E-05,0.006710534,0.007267517
11/6/15,-0.000559036,-0.00433543,-0.0025853,0.01197271,0.006822794,0.027297668,0.02639812,0.005017035,0.011808674,0.001752963,0.005955756,0.001440888,-0.015983302,-0.007825802,0.015230125,-0.001242025,0.005932936,0.006120304,-0.019911215,-0.011086203,0.018056512,0.0073552,-0.001272109,-0.00078938,0.023631511,0.002814079,-0.021474339,-0.001079834,-0.012655057,-0.007903663,1.73E-06,-0.004259854,-0.002475519,-0.005492073,0.00783726,-0.035935846,-0.006924613,0.015106481,0.007772901,0.003190394,0.007171918,0.014984084,-0.001624449,-0.001601041,0.020220333,0.014628483,0.007983012,-0.005703176,-0.003880605,-0.002925044
11/7/15,-0.000963973,-0.014256811,0.011768513,0.004743035,-0.025227676,0.001100526,0.003306192,-0.024766429,0.000456511,-0.001439865,-0.017831647,0.008036534,-0.021579906,0.002738198,0.002912596,0.00501203,0.004530707,0.023985977,0.001251185,-0.000413191,0.012693837,-0.006506664,0.017287522,-0.005469267,-0.014822974,-0.000730992,-0.025616282,0.004400139,0.001041197,-0.000767644,-0.027840965,-0.012403798,0.007293697,0.005303119,-0.010977579,-0.002014236,-0.020423265,-0.013598677,-0.000617692,-0.003713658,0.003077392,0.004521144,-0.003488449,0.00362061,-0.009004066,0.00606222,-0.009450416,0.004620846,0.017216782,-0.008134963
11/8/15,0.009253038,-0.017982432,-0.012246687,0.023459951,0.000509024,0.000755237,-0.015018945,-0.030502915,0.007031423,0.023824044,0.016048676,0.006882355,-0.015987172,0.002159499,0.008108129,0.003221766,-0.018200877,-0.003063919,-0.027048008,0.00892659,0.005313329,0.008502598,0.018342406,-0.010592323,-0.01923124,0.000436048,0.001781164,-0.00303242,0.011097458,-0.000116597,0.001665369,0.009199804,-0.023142301,0.006315717,0.002047424,0.013945517,0.021528434,0.005785599,-0.01027256,-0.008128392,2.74E-06,0.026057239,0.015998383,0.007780281,-0.003673056,-0.007554774,0.00558071,0.023733943,-0.021070023,0.001361455
11/9/15,0.004053301,0.00961584,0.025219239,0.003470164,0.003304893,0.006240903,0.013937325,0.019822086,0.016376625,0.019281748,0.019023313,0.006679073,-0.010877674,0.001258256,-0.017811656,0.011583547,0.011930924,-0.013233106,0.003979594,-0.001891867,0.006012819,0.01713467,0.017521573,0.020428717,0.005874892,-3.70E-05,0.009138669,-0.000989143,0.003105121,0.012005041,-0.007981295,0.001892309,0.000576373,0.001342318,0.000291691,-0.017284246,0.051723326,-0.006614508,-0.003296813,0.006278007,0.001502255,0.000800973,0.021663976,-0.003164112,-0.007017941,-0.000715788,0.019347339,-0.003759814,-0.013607358,-0.012119367
11/10/15,0.023393301,0.00392649,0.00199204,0.015497118,-0.001529847,-0.002442017,-0.011407637,-0.020958994,0.000157221,0.006339193,-0.005549259,-0.000972265,-0.009383409,0.001580294,-0.020480968,0.006598339,-0.010092193,0.02435722,-0.007938017,-0.005552549,0.0206437,-0.00559164,-0.014027019,0.009832416,-0.0090312,-0.003606315,-0.009217673,0.012459267,-0.008492377,0.003904331,-0.018242683,0.009276671,-0.005755078,-0.014185597,-0.003912713,0.009540063,0.012833215,0.008730227,0.001386459,0.00604437,0.003622506,0.001761323,-0.01484235,0.008723577,0.001767133,0.009608447,-0.002681453,0.005688264,0.02000008,0.009917163
11/11/15,-0.00644749,0.019588379,-0.008487106,0.005906177,0.000765195,0.010589014,0.004401211,0.022911519,-0.009136692,0.003511892,-0.015740414,-0.008625957,-0.017546249,-0.001325423,0.000264223,-0.005631805,0.015406113,0.014596946,0.015273895,0.009275627,0.00958007,-0.016983634,-0.007317699,-0.011519033,-0.011844832,-0.018651373,0.001655886,-0.007663065,0.006020897,-0.001090931,-0.013228617,-0.02163246,0.018342107,-0.017468203,-0.013804379,0.012313881,-0.018092792,-0.007343052,0.001257055,-0.007180091,0.003523437,0.012824452,-0.005562431,0.002308969,0.00257997,-0.001196647,0.009271761,0.025081266,-0.001707816,0.02737317
11/12/15,0.012313466,-0.006462907,-0.024075402,-0.001141281,0.003145168,0.014069318,0.043626927,0.005223328,-0.001869683,-0.020596332,-0.011138612,-0.004726884,0.017183192,0.005199096,-0.007610104,0.012259239,0.004301356,-0.023648519,-0.007554916,-0.019370969,0.008719621,0.016451533,-0.00165416,-0.002447641,0.016026176,-0.001053723,-0.013782987,-0.000708947,0.006362312,0.002088458,-0.004797445,0.000592036,-0.002310236,0.011764285,0.00954729,0.003978884,-0.02696812,-0.002646439,-0.001615805,-0.015059548,-0.001040946,0.007254573,0.014982761,0.000104894,-0.012007686,-0.004753506,-0.029058409,0.035224481,0.000253909,-0.003790233
11/13/15,0.001377683,0.016514909,0.018646422,0.00687741,0.003242658,-0.02194786,0.004807458,-0.003005264,-0.016216972,-0.03214696,-0.025846803,0.002288341,0.001196169,0.003052547,-0.009817668,0.000984279,0.004137026,-0.008665047,0.004864011,-0.008701523,0.002774284,0.005613273,0.000163505,4.09E-05,-0.023768779,-0.01604237,-0.014485519,-0.002964653,-0.02062744,0.002469438,0.010220096,0.014818605,-0.00852061,0.007043179,0.007286693,-0.020189369,-0.001660865,-0.025110061,0.027775413,0.005330128,0.003505812,-0.010065608,0.004783289,0.012698327,-0.017518717,0.010874479,0.007506144,0.017588275,-0.018872068,-0.015095278
11/14/15,0.001500476,-0.012872586,0.004993589,-0.012272926,0.017016213,-0.008887827,-0.016910852,0.011063436,-0.009016613,0.009370654,-0.020394263,-0.019785801,0.015818064,0.018343223,0.005790584,0.018430871,0.011226308,0.002043386,0.013474187,-0.007342711,-0.005564645,0.00633774,0.001278004,-0.009738847,-0.021742052,-0.010327178,-0.012749227,0.010817,-0.001099827,-0.006651604,-0.009201292,-0.001236436,-0.009820193,0.01463724,-0.001235709,0.024003113,-0.001289925,-0.007872961,-0.002302804,0.022557181,-0.032641343,-0.00281736,0.011491821,-0.012950794,-0.024443845,-0.009534485,-0.021967574,-0.024192117,-0.00914294,0.00054113
11/15/15,-0.000505352,0.002410342,0.032734424,0.001678901,-0.021785144,0.006608819,-0.010992463,0.010241112,0.021804777,0.0212666,0.004029889,0.00230043,-0.01002279,-0.031216793,0.004380042,-0.018176217,0.001008129,-0.011953005,0.000962344,-0.014402793,0.006369321,-0.021075604,-0.020819638,-0.016275237,0.004200168,0.018738212,-0.010502534,-0.018915764,-0.016852262,0.0066045,0.008550197,-0.019400443,-0.010879266,-0.003126668,0.014773295,-0.021880978,0.004288822,0.024733369,0.014230708,0.000527014,-0.002082761,0.012189682,-0.003087066,-0.021527431,-0.011436293,0.003049608,0.006874558,-0.018512758,0.007890214,-0.00769606
11/16/15,-0.006304758,0.000578808,0.010035714,-0.012510902,-0.005133458,0.004489164,0.017380823,-0.001922548,0.009204066,0.007727701,-0.001472391,0.01656592,-0.00020837,0.015509981,0.023711474,-0.001586724,0.002230008,0.022142065,-0.016596894,0.005192198,-0.01442387,-0.014185667,0.002409905,0.005606153,-0.013775143,0.009470716,0.002209081,0.014368265,0.008370931,-0.011911561,0.009573528,0.003815628,0.020026744,-0.003764208,0.002251481,-0.012136731,0.006778503,0.014694866,-0.009161493,-0.001576924,0.007329504,-0.028731997,0.007042082,0.001934937,0.01884661,0.025488653,0.029896275,0.005475133,0.000669644,0.025509957
11/17/15,-0.014169158,0.008143035,0.00640138,-0.017981499,-0.005029624,0.000714998,-0.009307017,-0.000936569,-0.014107556,-0.011994784,0.015613441,-0.023559471,0.01403699,0.006267466,-0.002267089,0.007444565,0.004246515,-0.001401386,-0.01361073,0.018698453,0.017509251,-0.000166117,0.009483837,-0.003760674,0.02626995,-0.013946259,0.033260284,0.001632502,-0.016967829,0.011760761,0.025681927,-0.000319599,0.008639807,0.013169438,0.0161045,0.008120083,-0.003672458,-0.024522613,-0.008831306,-0.018376691,0.028739035,-0.000247869,0.015719437,-0.015356501,0.004020757,-0.019376981,-0.000930699,0.019322541,0.01051715,-0.024763812
11/18/15,0.008203943,0.000729956,-0.011119984,-0.005580047,0.009333095,-0.014742242,0.003603106,0.01300834,-0.005360249,-0.01208926,-0.004636288,0.007072178,-0.015521114,0.01517838,0.025507636,0.017343934,-0.004315369,0.009741944,0.017320089,-0.003377794,0.0122824,-1.74E-05,0.010977848,0.014158359,-0.029136666,-0.000318174,0.001187018,0.009744701,-0.000371857,-0.005643729,0.011148325,-0.019790938,0.004700334,0.008488012,0.000599509,0.005227884,-0.002510468,0.011689156,0.004982775,0.009901943,0.000170461,-0.011153166,-0.021982358,0.013868901,0.023907876,0.011415059,0.04478983,0.025645204,-0.002981464,0.006668794
11/19/15,0.005104113,0.017734772,0.005984788,0.014154109,0.01640981,-0.011483837,0.014022432,-0.019213909,0.0008441,-0.004012132,0.004647713,0.006297821,0.006476836,-0.016068768,0.031931452,0.017635108,-0.015469943,-0.016033421,-0.014858754,0.005939203,-0.003545061,-0.009882104,-0.006043676,0.004543125,-0.001562435,0.001998562,0.016925638,0.001586936,0.00101427,0.010951815,0.019396795,-0.017899696,0.003121897,0.005888596,-0.012104948,-0.016950701,-0.016923095,-0.000234484,-0.020296914,0.016441407,0.005644401,-0.016410625,0.003285236,0.015712485,0.012892177,-0.018129806,0.021143235,0.021957443,-0.033037282,-0.019078494
11/20/15,-0.003200388,0.005517638,-0.013540159,-0.00301683,-0.023474564,1.04E-06,0.000704081,-0.015426637,-0.023597873,-0.000997606,-0.000267026,-0.005769209,0.00788223,0.0167702,-0.0096065,0.000603815,-0.018777132,0.020818623,-0.009207602,0.021801712,0.000508179,0.005031853,0.012775843,-0.014101677,0.020476894,0.008351172,0.02335282,0.029516369,0.018665214,0.023286599,0.024212413,-0.017197825,0.007667237,-0.015535981,-0.000811894,-0.02331766,0.012950411,-0.006657854,0.003685623,-0.009386313,0.004782803,0.004303592,0.002165483,-0.020886711,0.001996685,0.00535274,-0.002174726,0.007793321,-0.006599912,-0.002766108
11/21/15,0.00672693,-0.008102534,-0.002536576,0.001225815,0.007684415,-0.016963109,-0.007811092,-0.014993619,0.00134393,0.022247182,0.007660121,-0.010462224,0.008766677,0.019215902,-0.009321383,-0.005268691,-0.008111736,-0.0065741,-0.007862068,0.007649813,-0.017478966,0.030526574,-0.03235756,-0.014551794,0.016778622,-0.009578216,0.000770858,0.010787351,0.004907509,-0.007524281,-0.005054552,0.006504275,-0.021659758,-0.001137953,0.000774834,0.003126596,-0.011085634,0.016820834,-0.029524579,-0.016861926,-0.004846045,0.000186293,-0.006990402,0.001294868,0.009471723,-0.019293595,0.015194412,-0.034192325,-0.002995093,-0.024448992
11/22/15,0.00284349,0.004521735,-0.023091201,-0.010721413,-0.015838766,-0.007459686,-0.010043173,0.005318348,-0.02425288,0.019487209,0.020924619,-0.014422055,-0.026125293,0.013777642,0.012283252,0.00353364,0.030558927,0.002493525,0.020638412,-0.017666787,-0.022221493,0.002241482,0.032265473,-0.012024645,0.00023716,-0.011375065,0.005611375,-0.010246671,-0.020920261,-0.015945286,0.01459131,0.012819928,-0.002648185,-0.016953134,-0.018517845,-0.008034549,-0.006836901,-0.003158,0.010662594,0.01832845,-0.018703962,0.007178524,0.002795154,-0.004436434,0.00506962,0.001168169,0.010362987,0.000946539,-0.005257638,-0.00290625
11/23/15,-0.002354827,0.026161687,0.010764324,-0.005540654,0.018372332,-0.001331121,-0.013573714,-0.019870023,-0.011756255,0.015279279,-0.006409637,0.008622955,0.014242908,-0.012905583,-0.023919219,-0.031985908,0.01258572,-0.01276647,-0.015489814,0.027650133,-0.005291441,0.013164875,-0.014916758,0.011689917,0.003713624,0.003962575,0.018739924,0.017878124,0.00581822,0.014399837,0.019026737,0.006646046,0.00074434,0.017253961,0.015836989,-0.021430091,0.011564501,0.003248051,0.014218254,-0.01791829,-2.21E-05,0.006424496,0.00698884,-0.00350224,0.02330332,-0.026171564,-0.037695526,-0.016268837,-0.015327633,-0.015735569
11/24/15,-0.020995586,0.00353901,0.002560923,0.012334148,-0.02560148,-0.002903518,-0.011111603,-0.001284414,0.01456706,0.00093428,0.030635577,0.00719579,-0.009241884,0.003482711,0.018343679,-0.010759706,-0.007958398,-0.033247587,0.033924324,0.024829732,0.019918271,0.022126829,0.004017033,-0.001648678,-0.025386587,-0.005250572,0.013852611,0.012702907,0.015325936,-0.019203056,-0.008271209,0.008099137,0.005344545,0.007119206,0.008986546,-0.037640665,0.003602807,-0.016209287,0.00312835,0.016247007,-0.016471658,0.01071564,0.023416197,0.036431196,-0.027072871,0.030424865,-0.020719975,0.014381234,0.003181788,-0.003157123
11/25/15,-0.018909435,-0.014952423,-0.008402379,0.016590115,0.022329605,0.042051932,0.023347869,0.011705637,-0.03254586,0.002339422,0.003050332,-0.020484193,-0.000867414,-0.002061883,0.028133531,-0.014394795,0.012855248,-0.010863826,0.003935788,0.001952784,0.018197625,-0.024264667,0.025268334,0.005335506,0.022275541,-0.006236619,-0.013506436,0.008948214,-0.013519393,-0.030941371,-0.014872958,0.021398684,-0.000175731,-0.009472288,0.022362566,-0.024447576,-0.002860187,0.001966258,-0.017330806,-0.002178258,0.009332473,0.028027351,-0.01088979,-0.001700191,0.004614223,0.003978648,-0.002930507,0.021349259,0.020500298,0.014634384
11/26/15,0.023772656,-0.004116104,0.015602266,-0.014101052,-0.014014748,0.01884042,0.017219361,-0.00538843,0.018731677,0.008091846,-0.002889072,-0.017552915,-0.002335451,-0.005211662,-0.022129239,0.004968501,-0.002749957,-0.000483154,0.008106205,0.006024511,0.01263449,0.002740441,-0.00713335,-0.033280626,-0.019152477,0.036614764,0.009630046,-0.023065749,-0.01069036,0.021391613,-0.006532612,-0.013325014,0.007884961,-0.029074225,0.002976266,-0.011918408,0.030218506,0.021997597,-0.02589942,0.015351036,0.02050351,-0.011850406,0.009748111,0.027394198,-0.001027609,0.006299651,-0.002917671,0.012819993,-0.002432026,-0.018109154
11/27/15,-0.003605747,0.003504612,0.023282184,-0.019750235,-0.0181532,0.022014686,0.011623276,-0.009456649,0.024579952,-0.013461975,-0.000771514,-0.004345104,-0.00026748,-0.021523636,-0.009071125,0.029524175,-0.01276644,0.014557851,0.011001863,0.021616782,-0.009400549,-0.023759985,-0.001628857,0.023206022,0.001500239,-0.028365942,-0.022171323,-0.017971098,-0.005560633,-0.001860503,-0.003798198,-0.010498057,-0.02644632,-0.026570299,-0.008186237,0.032380116,-0.016103481,-0.011591169,-0.007175125,0.004961017,0.018972842,-0.023011842,-0.00212782,0.026615801,0.037127216,-0.008620504,-0.013579519,0.007854035,0.000189938,-0.0022643